{
  "Lo5_P50_W2_B_2024_s1.jpg": {
    "precision": 0.3333333333333333,
    "recall": 1.0,
    "f1_score": 0.5,
    "true_positives": 1,
    "false_positives": 2,
    "false_negatives": 0,
    "ground_truth_count": 1,
    "prediction_count": 3,
    "average_confidence": 0.5123213479916254
  },
  "Lo6_P60_W2_2024_s1.jpg": {
    "precision": 0.71875,
    "recall": 1.0,
    "f1_score": 0.8363636363636363,
    "true_positives": 23,
    "false_positives": 9,
    "false_negatives": 0,
    "ground_truth_count": 23,
    "prediction_count": 32,
    "average_confidence": 0.6075182924978435
  },
  "Un4_P35_W1_B2_2024_s1.jpg": {
    "precision": 0.2857142857142857,
    "recall": 1.0,
    "f1_score": 0.4444444444444445,
    "true_positives": 2,
    "false_positives": 5,
    "false_negatives": 0,
    "ground_truth_count": 2,
    "prediction_count": 7,
    "average_confidence": 0.35341534444264006
  },
  "Un1_P8_W1_A1_2024_s1.jpg": {
    "precision": 0.5,
    "recall": 1.0,
    "f1_score": 0.6666666666666666,
    "true_positives": 1,
    "false_positives": 1,
    "false_negatives": 0,
    "ground_truth_count": 1,
    "prediction_count": 2,
    "average_confidence": 0.6275602579116821
  },
  "Un3_P29_W1_S1.jpg": {
    "precision": 0.6666666666666666,
    "recall": 0.8888888888888888,
    "f1_score": 0.761904761904762,
    "true_positives": 16,
    "false_positives": 8,
    "false_negatives": 2,
    "ground_truth_count": 18,
    "prediction_count": 24,
    "average_confidence": 0.6488977254678806
  },
  "Un3_P30_W2_B2_2024_s1.jpg": {
    "precision": 0.5,
    "recall": 1.0,
    "f1_score": 0.6666666666666666,
    "true_positives": 1,
    "false_positives": 1,
    "false_negatives": 0,
    "ground_truth_count": 1,
    "prediction_count": 2,
    "average_confidence": 0.44006557762622833
  },
  "Lo8_P73_W3_2024_s1.jpg": {
    "precision": 0.8571428571428571,
    "recall": 0.9230769230769231,
    "f1_score": 0.888888888888889,
    "true_positives": 12,
    "false_positives": 2,
    "false_negatives": 1,
    "ground_truth_count": 13,
    "prediction_count": 14,
    "average_confidence": 0.6006204677479607
  },
  "Un4_P39_W1_2024_s1.jpg": {
    "precision": 0.7368421052631579,
    "recall": 1.0,
    "f1_score": 0.8484848484848484,
    "true_positives": 28,
    "false_positives": 10,
    "false_negatives": 0,
    "ground_truth_count": 28,
    "prediction_count": 38,
    "average_confidence": 0.5734580570929929
  },
  "Un3_P26_W1_S1.jpg": {
    "precision": 0.4,
    "recall": 1.0,
    "f1_score": 0.5714285714285715,
    "true_positives": 4,
    "false_positives": 6,
    "false_negatives": 0,
    "ground_truth_count": 4,
    "prediction_count": 10,
    "average_confidence": 0.520191439986229
  },
  "Un2_P19_W1_B_2024_s1.jpg": {
    "precision": 1.0,
    "recall": 1.0,
    "f1_score": 1.0,
    "true_positives": 1,
    "false_positives": 0,
    "false_negatives": 0,
    "ground_truth_count": 1,
    "prediction_count": 1,
    "average_confidence": 0.662641704082489
  },
  "Lo7_P65_W3_2024_s1.jpg": {
    "precision": 0.5,
    "recall": 1.0,
    "f1_score": 0.6666666666666666,
    "true_positives": 6,
    "false_positives": 6,
    "false_negatives": 0,
    "ground_truth_count": 6,
    "prediction_count": 12,
    "average_confidence": 0.5349142042299112
  },
  "Un3_P22_W1_2024_s1.jpg": {
    "precision": 0.5833333333333334,
    "recall": 0.7,
    "f1_score": 0.6363636363636365,
    "true_positives": 7,
    "false_positives": 5,
    "false_negatives": 3,
    "ground_truth_count": 10,
    "prediction_count": 12,
    "average_confidence": 0.47763556241989136
  },
  "MoHi11_P105_W2_2024 _s1.jpg": {
    "precision": 0.3709677419354839,
    "recall": 0.9078947368421053,
    "f1_score": 0.5267175572519084,
    "true_positives": 138,
    "false_positives": 234,
    "false_negatives": 14,
    "ground_truth_count": 152,
    "prediction_count": 372,
    "average_confidence": 0.439172735898405
  },
  "Un4_P34_W1_B2_2024_s1.jpg": {
    "precision": 1.0,
    "recall": 0.3333333333333333,
    "f1_score": 0.5,
    "true_positives": 1,
    "false_positives": 0,
    "false_negatives": 2,
    "ground_truth_count": 3,
    "prediction_count": 1,
    "average_confidence": 0.62928307056427
  },
  "Lo5_P43_W1_S1.jpg": {
    "precision": 0.5869565217391305,
    "recall": 0.9642857142857143,
    "f1_score": 0.7297297297297297,
    "true_positives": 27,
    "false_positives": 19,
    "false_negatives": 1,
    "ground_truth_count": 28,
    "prediction_count": 46,
    "average_confidence": 0.5819254812339077
  },
  "Un2_P11_W2_2024_s1.jpg": {
    "precision": 0.47058823529411764,
    "recall": 0.5333333333333333,
    "f1_score": 0.5,
    "true_positives": 8,
    "false_positives": 9,
    "false_negatives": 7,
    "ground_truth_count": 15,
    "prediction_count": 17,
    "average_confidence": 0.48918169561554403
  },
  "Un4_P34_W1_A1_2024_s1.jpg": {
    "precision": 0.46153846153846156,
    "recall": 0.8571428571428571,
    "f1_score": 0.6,
    "true_positives": 6,
    "false_positives": 7,
    "false_negatives": 1,
    "ground_truth_count": 7,
    "prediction_count": 13,
    "average_confidence": 0.4221121290555367
  },
  "Lo6_P60_21_2024_s1.jpg": {
    "precision": 0.8571428571428571,
    "recall": 1.0,
    "f1_score": 0.923076923076923,
    "true_positives": 12,
    "false_positives": 2,
    "false_negatives": 0,
    "ground_truth_count": 12,
    "prediction_count": 14,
    "average_confidence": 0.5970553691898074
  },
  "Lo8_P73_W1_S1.jpg": {
    "precision": 0.55,
    "recall": 1.0,
    "f1_score": 0.7096774193548387,
    "true_positives": 11,
    "false_positives": 9,
    "false_negatives": 0,
    "ground_truth_count": 11,
    "prediction_count": 20,
    "average_confidence": 0.5626878626644611
  },
  "Lo7_P62_W2_2024_s1.jpg": {
    "precision": 0.6941176470588235,
    "recall": 0.8939393939393939,
    "f1_score": 0.7814569536423842,
    "true_positives": 59,
    "false_positives": 26,
    "false_negatives": 7,
    "ground_truth_count": 66,
    "prediction_count": 85,
    "average_confidence": 0.5435350518016254
  },
  "Un4_P37_W1_S1.jpg": {
    "precision": 0.6,
    "recall": 0.967741935483871,
    "f1_score": 0.7407407407407407,
    "true_positives": 30,
    "false_positives": 20,
    "false_negatives": 1,
    "ground_truth_count": 31,
    "prediction_count": 50,
    "average_confidence": 0.5457015272974968
  },
  "MoHi12_P115_W1_S1.jpg": {
    "precision": 0.6142857142857143,
    "recall": 0.8958333333333334,
    "f1_score": 0.7288135593220338,
    "true_positives": 43,
    "false_positives": 27,
    "false_negatives": 5,
    "ground_truth_count": 48,
    "prediction_count": 70,
    "average_confidence": 0.4764645678656442
  },
  "Un1_P8_W1_B2_2024_s1.jpg": {
    "precision": 1.0,
    "recall": 1.0,
    "f1_score": 1.0,
    "true_positives": 1,
    "false_positives": 0,
    "false_negatives": 0,
    "ground_truth_count": 1,
    "prediction_count": 1,
    "average_confidence": 0.5168524384498596
  },
  "MoHi12_P116_W1_S1.jpg": {
    "precision": 0.5714285714285714,
    "recall": 0.8484848484848485,
    "f1_score": 0.6829268292682927,
    "true_positives": 28,
    "false_positives": 21,
    "false_negatives": 5,
    "ground_truth_count": 33,
    "prediction_count": 49,
    "average_confidence": 0.5698783306442962
  },
  "Lo5_P49_W1_B2_2024_s1.jpg": {
    "precision": 0.2,
    "recall": 1.0,
    "f1_score": 0.33333333333333337,
    "true_positives": 1,
    "false_positives": 4,
    "false_negatives": 0,
    "ground_truth_count": 1,
    "prediction_count": 5,
    "average_confidence": 0.3218230813741684
  },
  "Un4_P33_W1_S1.jpg": {
    "precision": 0.5,
    "recall": 0.6,
    "f1_score": 0.5454545454545454,
    "true_positives": 6,
    "false_positives": 6,
    "false_negatives": 4,
    "ground_truth_count": 10,
    "prediction_count": 12,
    "average_confidence": 0.46619295701384544
  },
  "Lo5_P50_W2_A_2024_s1.jpg": {
    "precision": 0.4166666666666667,
    "recall": 1.0,